,Start,End
0,2021-03-17 10:08:59.037272,2021-03-17 10:09:00.093554
1,2021-03-17 10:09:05.660850,2021-03-17 10:09:06.124902
2,2021-03-17 10:09:06.317234,2021-03-17 10:09:06.493540
3,2021-03-17 10:09:08.461005,2021-03-17 10:09:13.246151
4,2021-03-17 10:09:13.527150,2021-03-17 10:09:13.549151
5,2021-03-17 10:09:15.581108,2021-03-17 10:09:15.613109
6,2021-03-17 10:09:16.013109,2021-03-17 10:09:25.869961
7,2021-03-17 10:09:36.477349,2021-03-17 10:09:41.517870
8,2021-03-17 10:09:44.140769,2021-03-17 10:09:46.270745
9,2021-03-17 10:09:46.411746,2021-03-17 10:09:46.510034
10,2021-03-17 10:09:46.574039,2021-03-17 10:09:47.996979
11,2021-03-17 10:09:48.541535,2021-03-17 10:09:48.765846
